{"game_name": "battleship(board_height=3,board_width=2,ship_sizes=[2],ship_values=[1],num_shots=3)", "solver_import_string": "pyspiel.CFRSolver", "total_time": 1000, "iteration_count": 8, "iterations": [1, 2, 3, 4, 5, 6, 7, 8, 9, 10, 11, 12, 13, 14, 15, 16, 17, 18, 19, 20, 21, 22, 23, 24, 25, 26, 27, 28, 29, 30, 31, 32, 33, 34, 35, 36, 37, 38, 39, 40, 41, 42, 43, 44, 45, 46, 47, 48, 49, 50, 51, 52, 53, 54, 55, 56, 57, 58, 59, 60, 61, 62, 63, 64, 65, 66, 67, 68, 69, 70, 71, 72, 73, 74, 75, 76, 77, 78, 79, 80, 81, 82, 83, 84, 85, 86, 87, 88, 89, 90, 91, 92, 93, 94, 95, 96, 97, 98, 99, 100, 101, 102, 103, 104, 105, 106, 107, 108, 109, 110, 111, 112, 113, 114, 115, 116, 117, 118, 119, 120, 121, 122, 123, 124, 125, 126, 127, 128, 129, 130, 131, 132, 133, 134, 135, 136, 137, 138, 139, 140, 141, 142, 143, 144, 145, 146, 147, 148, 149, 150, 151, 152, 153, 154, 155, 156, 157, 158, 159, 160, 161, 162, 163, 164, 165, 166, 167, 168, 169, 170, 171, 172, 173, 174, 175, 176, 177, 178, 179, 180, 181, 182, 183, 184, 185, 186], "times": [6.314844369888306, 2.135737895965576, 3.975799322128296, 4.64026665687561, 5.022566556930542, 5.126992464065552, 5.111984014511108, 4.98102593421936, 5.1119983196258545, 5.077737092971802, 5.027652263641357, 5.055724143981934, 4.9687111377716064, 4.8966851234436035, 5.168516635894775, 5.191497802734375, 5.290957450866699, 5.279152154922485, 5.263463497161865, 5.194432497024536, 5.21617579460144, 5.155348539352417, 5.133057117462158, 5.15997314453125, 5.219563722610474, 5.218169927597046, 5.264989376068115, 5.273148775100708, 5.299495458602905, 5.320169925689697, 5.3190598487854, 5.3620710372924805, 5.301427364349365, 5.302022933959961, 5.29489541053772, 5.3676981925964355, 5.316931486129761, 5.3013856410980225, 5.334944009780884, 5.339932203292847, 5.33449387550354, 5.3135597705841064, 5.328582763671875, 5.369751691818237, 5.385862350463867, 5.389057636260986, 5.369085311889648, 5.3452887535095215, 5.322781085968018, 5.379807472229004, 5.507138252258301, 5.542963743209839, 5.420848369598389, 5.416391372680664, 5.39324426651001, 5.415131330490112, 5.389073371887207, 5.368654489517212, 5.4401257038116455, 5.409395933151245, 5.408437013626099, 5.466478586196899, 5.355334281921387, 5.355652570724487, 5.349292039871216, 5.336307764053345, 5.358461141586304, 5.389120101928711, 5.360729932785034, 5.510001182556152, 5.454211235046387, 5.486304759979248, 5.458027601242065, 5.4458839893341064, 5.403722763061523, 5.410876512527466, 5.429696559906006, 5.386787176132202, 5.445709705352783, 5.442530870437622, 5.43320894241333, 5.436293840408325, 5.41942572593689, 5.441980838775635, 5.387812614440918, 5.347019672393799, 5.374755144119263, 5.438319683074951, 5.441370725631714, 5.505026340484619, 5.4767420291900635, 5.454981803894043, 5.4476423263549805, 5.557148456573486, 5.483152627944946, 5.473487854003906, 5.447773694992065, 5.447746515274048, 5.498806476593018, 5.446711540222168, 5.435040235519409, 5.434767723083496, 5.4706902503967285, 5.615345478057861, 5.50342583656311, 5.578078031539917, 5.511780023574829, 5.490630865097046, 5.524188995361328, 5.484677791595459, 5.463403940200806, 5.50974440574646, 5.412861108779907, 5.406221389770508, 5.416551113128662, 5.42147421836853, 5.433740854263306, 5.392873287200928, 5.3801493644714355, 5.399886608123779, 5.394115447998047, 5.450067758560181, 5.395243406295776, 5.40073823928833, 5.451761960983276, 5.44278621673584, 5.453237056732178, 5.420328617095947, 5.465104579925537, 5.456782102584839, 5.505921840667725, 5.477201700210571, 5.454579591751099, 5.5164055824279785, 5.480212211608887, 5.50602388381958, 5.483830213546753, 5.445955038070679, 5.4821202754974365, 5.464034795761108, 5.424750328063965, 5.537577867507935, 5.517594337463379, 5.50349760055542, 5.551610946655273, 5.486748933792114, 5.511711359024048, 5.606080532073975, 5.504171133041382, 5.638713598251343, 5.5067503452301025, 5.595200061798096, 5.492770671844482, 5.5073792934417725, 5.478961944580078, 5.521091938018799, 5.4903223514556885, 5.467411041259766, 5.481881141662598, 5.528878211975098, 5.432579040527344, 5.426328420639038, 5.497258186340332, 5.414900779724121, 5.406243324279785, 5.445943355560303, 5.418516159057617, 5.47659158706665, 5.437644958496094, 5.4785943031311035, 5.425232410430908, 5.495531320571899, 5.50147008895874, 5.576416492462158, 5.4767491817474365, 5.473924160003662, 5.5970823764801025, 5.516260385513306, 5.457789421081543, 5.4850945472717285, 5.469252586364746, 5.475234746932983, 5.474910259246826, 5.452374696731567, 5.474016904830933, 5.525508880615234],