{"game_name": "battleship(board_height=3,board_width=3,ship_sizes=[1;2],ship_values=[1;1],num_shots=2)", "solver_import_string": "pyspiel.CFRSolver", "total_time": 1000, "iteration_count": 8, "iterations": [1, 2, 3, 4, 5, 6, 7, 8, 9, 10, 11, 12], "times": [110.32743573188782, 43.97003507614136, 84.53120565414429, 82.4271605014801, 85.45107460021973, 92.72459411621094, 93.44774651527405, 87.82257223129272, 99.14000177383423, 98.69572710990906, 97.3318567276001, 99.30417966842651], "wc_times": [110.33067488670349, 154.53553247451782, 239.29462361335754, 321.7219650745392, 407.40184211730957, 500.1266052722931, 593.5745286941528, 681.3972721099854, 780.7841639518738, 879.4800758361816, 976.8121151924133, 1076.116482257843], "exploitabilities": [0.07469135802469139, 0.2810904458307188, null, 0.17680285434118087, null, null, null, 0.11040519751218571, null, null, null, 0.08956462618990631], "ru_maxrss": 80104324}