{"game_name": "battleship(board_height=2,board_width=2,ship_sizes=[2],ship_values=[1],num_shots=3)", "solver_import_string": "pyspiel.CFRSolver", "iteration_count": 8, "iterations": [1, 2, 3, 4, 5, 6, 7, 8], "times": [0.2230846881866455, 0.20583391189575195, 0.20119214057922363, 0.19355416297912598, 0.1895127296447754, 0.1103363037109375, 0.11820220947265625, 0.08916711807250977], "exploitabilities": [null, null, null, null, null, null, null, null], "ru_maxrss": 173448}
