{"game_name": "battleship(board_height=4,board_width=4,ship_sizes=[1],ship_values=[1],num_shots=2)", "solver_import_string": "pyspiel.CFRSolver", "total_time": 1000, "iteration_count": 8, "iterations": [1, 2, 3, 4, 5, 6, 7, 8, 9, 10, 11, 12, 13, 14, 15, 16, 17, 18, 19, 20, 21, 22, 23, 24, 25, 26, 27, 28, 29, 30, 31, 32, 33, 34, 35, 36, 37, 38, 39, 40, 41, 42, 43, 44], "times": [23.58983063697815, 17.210426568984985, 17.039191246032715, 18.49028182029724, 23.542783975601196, 21.766567945480347, 22.658073663711548, 23.1049587726593, 22.874326467514038, 22.898679971694946, 22.47093367576599, 22.645660638809204, 23.083492517471313, 22.634706258773804, 22.793938636779785, 23.032455921173096, 23.47985601425171, 23.585445642471313, 23.794846773147583, 23.517371654510498, 23.49351453781128, 23.713218450546265, 23.23274564743042, 23.250490188598633, 23.606661319732666, 23.362833499908447, 23.155356884002686, 22.845956802368164, 22.75218653678894, 22.57464098930359, 22.87169051170349, 22.97566318511963, 22.979716062545776, 23.168122053146362, 23.68913435935974, 23.77441716194153, 23.753058195114136, 23.667412281036377, 23.310099124908447, 23.344311952590942, 23.269261121749878, 23.276403188705444, 23.636926412582397, 23.41487693786621], "wc_times": [23.593258142471313, 40.8891122341156, 57.99816656112671, 76.48862051963806, 100.1003270149231, 121.86707091331482, 144.5253186225891, 167.63045144081116, 190.57692861557007, 213.47579073905945, 235.94691157341003, 258.5927412509918, 281.67641019821167, 304.3112895488739, 327.1053957939148, 350.1380248069763, 373.68567943573, 397.27130150794983, 421.0663115978241, 444.58388018608093, 468.0775799751282, 491.79096961021423, 515.0239017009735, 538.2745842933655, 561.8814253807068, 585.2444500923157, 608.3999967575073, 631.2461504936218, 653.9985146522522, 676.5733284950256, 699.4451987743378, 722.4210324287415, 745.4710133075714, 768.6393265724182, 792.3286380767822, 816.1032311916351, 839.8564677238464, 863.524069070816, 886.8343555927277, 910.1788463592529, 933.4482843875885, 956.7248594760895, 980.3619582653046, 1003.7770266532898], "exploitabilities": [0.003662109375, 0.06722553020630678, null, 0.054044861713241424, null, null, null, 0.0434365752137539, null, null, null, null, null, null, null, 0.02631774288627807, null, null, null, null, null, null, null, null, null, null, null, null, null, null, null, 0.018872661799432634, null, null, null, null, null, null, null, null, null, null, null, 0.015048600158878787], "ru_maxrss": 19741304}