{"game_name": "battleship(board_height=2,board_width=2,ship_sizes=[2],ship_values=[1],num_shots=3)", "solver_import_string": "open_spiel.python.algorithms.cfr.CFRSolver", "iteration_count": 8, "iterations": [1, 2, 3, 4, 5, 6, 7, 8], "times": [1.1046905517578125, 1.0319459438323975, 1.0181810855865479, 1.0232367515563965, 0.9856274127960205, 0.5974900722503662, 0.6318404674530029, 0.49771595001220703], "exploitabilities": [null, null, null, null, null, null, null, null], "ru_maxrss": 239332}