{"game_name": "battleship(board_height=3,board_width=2,ship_sizes=[2],ship_values=[1],num_shots=3)", "solver_import_string": "open_spiel.python.algorithms.cfr.CFRSolver", "total_time": 1000, "iteration_count": 8, "iterations": [1, 2, 3, 4, 5, 6, 7, 8, 9, 10, 11, 12, 13, 14, 15, 16, 17, 18, 19, 20, 21, 22, 23, 24, 25, 26, 27, 28, 29, 30, 31], "times": [38.980751037597656, 13.538631916046143, 24.56120491027832, 28.806138515472412, 30.525094509124756, 31.534093856811523, 31.5430965423584, 30.98060417175293, 32.21387314796448, 32.0385525226593, 32.07408833503723, 31.979918718338013, 31.566599130630493, 31.478254795074463, 32.94042372703552, 33.521281003952026, 33.947046518325806, 34.30103921890259, 33.62777805328369, 33.21901774406433, 33.11270022392273, 33.04617881774902, 32.75634169578552, 33.561272382736206, 34.05383348464966, 34.10367703437805, 33.80808877944946, 33.836594104766846, 34.10007119178772, 33.96294331550598, 34.25476622581482], "wc_times": [38.98374128341675, 53.75177454948425, 79.2757339477539, 108.0820574760437, 139.9666929244995, 171.50097942352295, 203.04424047470093, 234.02501821517944, 267.24895906448364, 299.28768849372864, 331.361953496933, 363.34203481674194, 394.9088077545166, 426.38723134994507, 459.3278331756592, 492.84929180145264, 528.5330557823181, 562.8342769145966, 596.4622466564178, 629.6814298629761, 662.7943341732025, 695.8406858444214, 728.5972094535828, 762.1586623191833, 796.2126693725586, 830.316517829895, 864.1247758865356, 897.9615461826324, 932.0617864131927, 966.024897813797, 1000.2798368930817], "exploitabilities": [0.2857142857142857, 0.5919312169312171, null, 0.34666155809718635, null, null, null, 0.19186471375337394, null, null, null, null, null, null, null, 0.1327240913802997, null, null, null, null, null, null, null, null, null, null, null, null, null, null, 0.08073504732290859], "ru_maxrss": 6386872}