{"game_name": "battleship(board_height=3,board_width=2,ship_sizes=[2],ship_values=[1],num_shots=3)", "solver_import_string": "open_spiel.python.algorithms.cfr.CFRSolver", "iteration_count": 8, "iterations": [1, 2, 3, 4, 5, 6, 7, 8], "times": [39.16801905632019, 13.87543511390686, 25.07266902923584, 29.432737350463867, 31.121740579605103, 32.068472146987915, 32.062042474746704, 31.87505793571472], "exploitabilities": [null, null, null, null, null, null, null, null], "ru_maxrss": 1308520}