{"game_name": "battleship(board_height=3,board_width=2,ship_sizes=[2],ship_values=[1],num_shots=4)", "solver_import_string": "pyspiel.CFRSolver", "iteration_count": 8, "iterations": [1, 2, 3, 4, 5, 6, 7, 8], "times": [247.66960406303406, 56.97602939605713, 136.03083491325378, 167.11837220191956, 141.97574162483215, 128.34131288528442, 138.77299404144287, 133.51590132713318], "exploitabilities": [null, null, null, null, null, null, null, null], "ru_maxrss": 3324000}
