{"game_name": "battleship(board_height=3,board_width=2,ship_sizes=[2],ship_values=[1],num_shots=3)", "solver_import_string": "pyspiel.CFRSolver", "iteration_count": 8, "iterations": [1, 2, 3, 4, 5, 6, 7, 8], "times": [7.1140241622924805, 2.333246946334839, 4.536841630935669, 5.402907371520996, 5.6570775508880615, 5.800477743148804, 5.867569208145142, 5.718003749847412], "exploitabilities": [null, null, null, null, null, null, null, null], "ru_maxrss": 246900}
