{"game_name": "battleship(board_height=4,board_width=4,ship_sizes=[1],ship_values=[1],num_shots=2)", "solver_import_string": "open_spiel.python.algorithms.cfr.CFRSolver", "total_time": 1000, "iteration_count": 8, "iterations": [1, 2, 3, 4, 5, 6, 7, 8], "times": [214.28483033180237, 138.73483395576477, 148.02223134040833, 157.79911518096924, 202.3120822906494, 189.815993309021, 197.52126622200012, 200.20484566688538], "wc_times": [214.28777289390564, 354.0374138355255, 502.9253182411194, 660.7246778011322, 864.1875286102295, 1054.003709077835, 1251.5251562595367, 1451.7300124168396], "exploitabilities": [0.003662109375, 0.06722553020630678, null, 0.054044861713241424, null, null, null, 0.0434365752137539], "ru_maxrss": 21214660}