{"game_name": "battleship(board_height=4,board_width=4,ship_sizes=[1],ship_values=[1],num_shots=2)", "solver_import_string": "pyspiel.CFRSolver", "iteration_count": 8, "iterations": [1, 2, 3, 4, 5, 6, 7, 8], "times": [25.918128490447998, 18.088435649871826, 17.65534806251526, 19.25797700881958, 25.687588691711426, 23.860358238220215, 24.99257254600525, 25.66862964630127], "exploitabilities": [null, null, null, null, null, null, null, null], "ru_maxrss": 217020}
