{"game_name": "battleship(board_height=3,board_width=3,ship_sizes=[1;2],ship_values=[1;1],num_shots=2)", "solver_import_string": "pyspiel.CFRSolver", "iteration_count": 8, "iterations": [1, 2, 3, 4, 5, 6, 7, 8], "times": [136.26258969306946, 52.15543031692505, 99.90128517150879, 99.08609223365784, 102.436448097229, 109.93520259857178, 111.25810670852661, 104.75212240219116], "exploitabilities": [null, null, null, null, null, null, null, null], "ru_maxrss": 280100}
