{"game_name": "battleship(board_height=3,board_width=3,ship_sizes=[1;2],ship_values=[1;1],num_shots=2)", "solver_import_string": "open_spiel.python.algorithms.cfr.CFRSolver", "total_time": 1000, "iteration_count": 8, "iterations": [1, 2, 3, 4, 5, 6, 7, 8], "times": [778.7008166313171, 310.822790145874, 581.9475276470184, 568.3101561069489, 582.4333109855652, 645.9045991897583, 654.2146770954132, 601.2273123264313], "wc_times": [778.7036933898926, 1091.4448640346527, 1675.7020611763, 2244.012225627899, 2828.266498565674, 3474.1711049079895, 4128.385789394379, 4729.613108158112], "exploitabilities": [0.07469135802469139, 0.2810904458307188, null, 0.17680285434118087, null, null, null, 0.11040519751218571], "ru_maxrss": 83189968}