{"game_name": "battleship(board_height=3,board_width=2,ship_sizes=[2],ship_values=[1],num_shots=4)", "solver_import_string": "open_spiel.python.algorithms.cfr.CFRSolver", "iteration_count": 8, "iterations": [1, 2, 3, 4, 5, 6, 7, 8], "times": [1111.8493123054504, 270.68782901763916, 608.1510937213898, 755.466954946518, 650.9959852695465, 595.5817167758942, 641.5578980445862, 617.9476914405823], "exploitabilities": [null, null, null, null, null, null, null, null], "ru_maxrss": 47523420}