{"game_name": "battleship(board_height=3,board_width=3,ship_sizes=[1;2],ship_values=[1;1],num_shots=2)", "solver_import_string": "open_spiel.python.algorithms.cfr.CFRSolver", "iteration_count": 8, "iterations": [1, 2, 3, 4, 5, 6, 7, 8], "times": [739.1897649765015, 290.2784512042999, 547.2217960357666, 545.7604539394379, 566.5607862472534, 612.6493442058563, 618.2663714885712, 595.6209583282471], "exploitabilities": [null, null, null, null, null, null, null, null], "ru_maxrss": 6536484}