{"game_name": "battleship(board_height=4,board_width=4,ship_sizes=[1],ship_values=[1],num_shots=2)", "solver_import_string": "open_spiel.python.algorithms.cfr.CFRSolver", "iteration_count": 8, "iterations": [1, 2, 3, 4, 5, 6, 7, 8], "times": [196.62161111831665, 133.5230951309204, 140.0962598323822, 148.1705515384674, 193.63237357139587, 181.8152813911438, 183.12383246421814, 190.65530347824097], "exploitabilities": [null, null, null, null, null, null, null, null], "ru_maxrss": 1208572}