{"game_name": "kuhn_poker", "solver_import_string": "open_spiel.python.algorithms.cfr.CFRSolver", "iteration_count": 8, "iterations": [1, 2, 3, 4, 5, 6, 7, 8], "times": [0.0011551380157470703, 0.0010879039764404297, 0.0009703636169433594, 0.00095367431640625, 0.0009629726409912109, 0.0009872913360595703, 0.000982522964477539, 0.0009763240814208984], "exploitabilities": [null, null, null, null, null, null, null, null], "ru_maxrss": 185136}