{"game_name": "leduc_poker", "solver_import_string": "open_spiel.python.algorithms.cfr.CFRSolver", "iteration_count": 8, "iterations": [1, 2, 3, 4, 5, 6, 7, 8], "times": [0.17426586151123047, 0.13106632232666016, 0.10430049896240234, 0.10438704490661621, 0.1485300064086914, 0.14548468589782715, 0.14311623573303223, 0.14183306694030762], "exploitabilities": [null, null, null, null, null, null, null, null], "ru_maxrss": 190460}