{"game_name": "liars_dice", "solver_import_string": "open_spiel.python.algorithms.cfr.CFRSolver", "iteration_count": 8, "iterations": [1, 2, 3, 4, 5, 6, 7, 8], "times": [5.708013296127319, 2.8139898777008057, 2.413726329803467, 2.2316112518310547, 2.075449228286743, 2.0782675743103027, 1.7984871864318848, 1.6999592781066895], "exploitabilities": [null, null, null, null, null, null, null, null], "ru_maxrss": 363960}